{
  "generated_at": "2026-04-17T15:00:17",
  "n_customers": 50,
  "seed_count_per_cluster": 3,
  "tw_weight": 1.0,
  "cluster_sizes": [
    6,
    8,
    10,
    12
  ],
  "two_opt_options": [
    true,
    false
  ],
  "recommended": {
    "cluster_size": 10,
    "two_opt": true,
    "reason": "最小化平衡分(旅行时间40% + 时间窗惩罚40% + 运行时长20%)",
    "objective": 5425342.0,
    "travel": 62.0,
    "tw_penalty": 5425280.0,
    "runtime_sec": 6.6927492920076475,
    "balanced_score": 0.024263607017411856
  },
  "all_results": [
    {
      "cluster_size": 10,
      "two_opt": true,
      "objective": 5425342.0,
      "travel": 62.0,
      "tw_penalty": 5425280.0,
      "runtime_sec": 6.6927492920076475,
      "route": [
        0,
        40,
        26,
        12,
        28,
        27,
        1,
        50,
        33,
        9,
        35,
        34,
        3,
        29,
        24,
        25,
        4,
        39,
        23,
        41,
        22,
        21,
        2,
        13,
        6,
        5,
        37,
        42,
        15,
        43,
        14,
        38,
        44,
        16,
        17,
        46,
        47,
        19,
        11,
        10,
        30,
        20,
        32,
        31,
        7,
        18,
        8,
        48,
        49,
        36,
        45,
        0
      ],
      "cluster_count": 5,
      "feasible": true,
      "balanced_score": 0.024263607017411856
    },
    {
      "cluster_size": 8,
      "two_opt": true,
      "objective": 5281763.0,
      "travel": 63.0,
      "tw_penalty": 5281700.0,
      "runtime_sec": 9.377909833972808,
      "route": [
        0,
        28,
        27,
        7,
        31,
        1,
        50,
        3,
        12,
        26,
        40,
        21,
        2,
        13,
        6,
        5,
        18,
        8,
        48,
        47,
        19,
        11,
        10,
        32,
        30,
        20,
        9,
        33,
        35,
        34,
        29,
        24,
        25,
        4,
        39,
        23,
        22,
        41,
        15,
        42,
        37,
        44,
        38,
        43,
        14,
        16,
        17,
        45,
        46,
        36,
        49,
        0
      ],
      "cluster_count": 7,
      "feasible": true,
      "balanced_score": 0.11758004988816176
    },
    {
      "cluster_size": 12,
      "two_opt": true,
      "objective": 7169692.0,
      "travel": 82.0,
      "tw_penalty": 7169610.0,
      "runtime_sec": 6.963602375006303,
      "route": [
        0,
        27,
        28,
        26,
        12,
        3,
        29,
        24,
        25,
        39,
        4,
        21,
        40,
        2,
        13,
        6,
        18,
        17,
        5,
        37,
        44,
        42,
        43,
        23,
        22,
        38,
        41,
        15,
        14,
        16,
        45,
        46,
        47,
        36,
        8,
        11,
        19,
        32,
        20,
        35,
        34,
        9,
        33,
        50,
        1,
        30,
        10,
        31,
        48,
        7,
        49,
        0
      ],
      "cluster_count": 5,
      "feasible": true,
      "balanced_score": 0.15310017590341446
    },
    {
      "cluster_size": 6,
      "two_opt": true,
      "objective": 5088979.0,
      "travel": 59.0,
      "tw_penalty": 5088920.0,
      "runtime_sec": 12.252058874990325,
      "route": [
        0,
        6,
        5,
        17,
        45,
        46,
        8,
        18,
        7,
        31,
        1,
        27,
        28,
        12,
        26,
        40,
        21,
        2,
        13,
        37,
        16,
        44,
        38,
        14,
        43,
        15,
        42,
        41,
        22,
        23,
        39,
        4,
        25,
        24,
        29,
        3,
        50,
        33,
        35,
        34,
        9,
        20,
        30,
        32,
        10,
        11,
        19,
        48,
        47,
        36,
        49,
        0
      ],
      "cluster_count": 9,
      "feasible": true,
      "balanced_score": 0.2
    },
    {
      "cluster_size": 10,
      "two_opt": false,
      "objective": 13338276.0,
      "travel": 146.0,
      "tw_penalty": 13338130.0,
      "runtime_sec": 6.579221583000617,
      "route": [
        0,
        6,
        27,
        1,
        26,
        2,
        40,
        12,
        28,
        13,
        18,
        8,
        10,
        30,
        31,
        7,
        5,
        50,
        4,
        3,
        21,
        42,
        37,
        17,
        16,
        14,
        15,
        33,
        9,
        11,
        19,
        41,
        22,
        20,
        32,
        29,
        24,
        25,
        39,
        43,
        44,
        48,
        46,
        38,
        23,
        34,
        35,
        47,
        49,
        36,
        45,
        0
      ],
      "cluster_count": 5,
      "feasible": true,
      "balanced_score": 0.5398630018193229
    },
    {
      "cluster_size": 6,
      "two_opt": false,
      "objective": 10115069.0,
      "travel": 129.0,
      "tw_penalty": 10114940.0,
      "runtime_sec": 11.92844266697648,
      "route": [
        0,
        27,
        28,
        26,
        40,
        6,
        13,
        21,
        2,
        12,
        1,
        31,
        18,
        5,
        8,
        7,
        50,
        3,
        4,
        33,
        9,
        30,
        10,
        37,
        42,
        15,
        14,
        16,
        17,
        19,
        11,
        32,
        20,
        29,
        24,
        25,
        22,
        47,
        45,
        44,
        43,
        41,
        39,
        23,
        34,
        35,
        48,
        46,
        36,
        38,
        49,
        0
      ],
      "cluster_count": 9,
      "feasible": true,
      "balanced_score": 0.5718929936922303
    },
    {
      "cluster_size": 8,
      "two_opt": false,
      "objective": 12830541.0,
      "travel": 151.0,
      "tw_penalty": 12830390.0,
      "runtime_sec": 9.34884150000289,
      "route": [
        0,
        27,
        1,
        28,
        6,
        26,
        40,
        2,
        13,
        31,
        3,
        50,
        12,
        4,
        21,
        18,
        5,
        33,
        9,
        30,
        10,
        8,
        7,
        42,
        37,
        22,
        14,
        16,
        17,
        19,
        11,
        20,
        15,
        39,
        24,
        29,
        25,
        41,
        43,
        44,
        32,
        48,
        47,
        36,
        46,
        45,
        34,
        35,
        23,
        38,
        49,
        0
      ],
      "cluster_count": 7,
      "feasible": true,
      "balanced_score": 0.6374148806963555
    },
    {
      "cluster_size": 12,
      "two_opt": false,
      "objective": 17709184.0,
      "travel": 184.0,
      "tw_penalty": 17709000.0,
      "runtime_sec": 6.9224419169768225,
      "route": [
        0,
        18,
        27,
        2,
        6,
        28,
        26,
        31,
        12,
        1,
        40,
        21,
        13,
        42,
        30,
        10,
        7,
        4,
        9,
        3,
        50,
        33,
        37,
        5,
        8,
        29,
        16,
        14,
        15,
        17,
        11,
        19,
        20,
        32,
        24,
        22,
        25,
        48,
        41,
        44,
        43,
        23,
        36,
        47,
        45,
        46,
        35,
        34,
        39,
        38,
        49,
        0
      ],
      "cluster_count": 5,
      "feasible": true,
      "balanced_score": 0.8121004822211576
    }
  ]
}