{
  "generated_at": "2026-04-17T14:33:27",
  "seed_count": 4,
  "iterations_per_t": 120,
  "weights": [
    0.0,
    0.01,
    0.1
  ],
  "pareto_front": [
    {
      "tw_weight": 0.0,
      "objective": 53.0,
      "travel": 53.0,
      "tw_penalty": 316750.0,
      "route": [
        0,
        4,
        13,
        9,
        3,
        10,
        11,
        1,
        2,
        5,
        14,
        15,
        12,
        8,
        6,
        7,
        0
      ],
      "feasible": true,
      "runtime_sec": 1.1792202920187265,
      "balanced_score": 0.0
    },
    {
      "tw_weight": 0.01,
      "objective": 3220.5,
      "travel": 53.0,
      "tw_penalty": 316750.0,
      "route": [
        0,
        4,
        13,
        9,
        3,
        10,
        11,
        1,
        2,
        5,
        14,
        15,
        12,
        8,
        6,
        7,
        0
      ],
      "feasible": true,
      "runtime_sec": 1.1946472089912277,
      "balanced_score": 0.0
    },
    {
      "tw_weight": 0.1,
      "objective": 31728.0,
      "travel": 53.0,
      "tw_penalty": 316750.0,
      "route": [
        0,
        4,
        13,
        9,
        3,
        10,
        11,
        1,
        2,
        5,
        14,
        15,
        12,
        8,
        6,
        7,
        0
      ],
      "feasible": true,
      "runtime_sec": 1.1888368749932852,
      "balanced_score": 0.0
    }
  ],
  "recommended": {
    "tw_weight": 0.0,
    "reason": "最小化平衡指标(归一化 travel 与 tw_penalty 各占 50%)",
    "travel": 53.0,
    "tw_penalty": 316750.0,
    "balanced_score": 0.0,
    "route": [
      0,
      4,
      13,
      9,
      3,
      10,
      11,
      1,
      2,
      5,
      14,
      15,
      12,
      8,
      6,
      7,
      0
    ]
  },
  "all_results": [
    {
      "tw_weight": 0.0,
      "objective": 53.0,
      "travel": 53.0,
      "tw_penalty": 316750.0,
      "route": [
        0,
        4,
        13,
        9,
        3,
        10,
        11,
        1,
        2,
        5,
        14,
        15,
        12,
        8,
        6,
        7,
        0
      ],
      "feasible": true,
      "runtime_sec": 1.1792202920187265,
      "balanced_score": 0.0
    },
    {
      "tw_weight": 0.01,
      "objective": 3220.5,
      "travel": 53.0,
      "tw_penalty": 316750.0,
      "route": [
        0,
        4,
        13,
        9,
        3,
        10,
        11,
        1,
        2,
        5,
        14,
        15,
        12,
        8,
        6,
        7,
        0
      ],
      "feasible": true,
      "runtime_sec": 1.1946472089912277,
      "balanced_score": 0.0
    },
    {
      "tw_weight": 0.1,
      "objective": 31728.0,
      "travel": 53.0,
      "tw_penalty": 316750.0,
      "route": [
        0,
        4,
        13,
        9,
        3,
        10,
        11,
        1,
        2,
        5,
        14,
        15,
        12,
        8,
        6,
        7,
        0
      ],
      "feasible": true,
      "runtime_sec": 1.1888368749932852,
      "balanced_score": 0.0
    }
  ]
}